{
  "keyword": {
    "p50_server": 2.30079994071275,
    "p95_server": 5.064799915999174,
    "p99_server": 6.752700079232454,
    "p99_wall": 2357.8736000927165
  },
  "semantic": {
    "p50_server": 10.093900025822222,
    "p95_server": 18.444799934513867,
    "p99_server": 32.33730001375079,
    "p99_wall": 2453.146099927835
  },
  "hybrid": {
    "p50_server": 12.709500035271049,
    "p95_server": 20.10980003979057,
    "p99_server": 33.26090006157756,
    "p99_wall": 2401.2247000355273
  }
}